Chain,Total
Optimism,4.007294e+06
Zora,144771
Base,4.404251e+06
